Email,First Name,Last Name,Residential Address Street,Residential Address Locality,Residential Address State,Residential Address Postcode,Postal Address Street,Postal Address Locality,Postal Address State,Postal Address Postcode
colton_tromp@gmail.com,Darcy,Waters,8540 Charli Summit,AIRLIE BEACH,QLD,4802.0,376 Williamson Hill,ARTHUR RIVER,WA,6315.0
lindsay_bradtke@gmail.com,Georgia,Stewart,650 Harris Summit,ARCTURUS,QLD,4722.0,477 Jasmine Circle,ALDINGA,SA,5173.0
jaime_kuphal@yahoo.com,Joshua,Schmidt,53 Klein Circle,AMBLESIDE,TAS,7310.0,2979 Anthony Drive,AMOR,VIC,3825.0
odell.king@hotmail.com,Natalie,Smith,545 Summer Avenue,ALVIE,VIC,3249.0,5454 Koss Track,ANABRANCH SOUTH,NSW,2648.0
carlos@hotmail.com,Cameron,Schneider,46 Becker Summit,ALLANSFORD,VIC,3277.0,3137 Lakin Station St,ALLANS FLAT,VIC,3691.0
june@gmail.com,Oscar,King,727 Zoe Knoll,ADELAIDE RIVER,NT,846.0,71 Morissette Manor,AMHERST,VIC,3371.0
linsey.blanda@hotmail.com,Mia,Flatley,15 Hannah Circle,ARMADALE,WA,6112.0,696 Jenkins Parkway,AMBERLEY,QLD,4306.0
roger.prohaska@gmail.com,Charles,Wilson,85 Isaac Terrace,ALEXANDRA HILLS,QLD,3161.0,5414 Leannon Crest,ALSACE,QLD,4702.0
arthur@yahoo.com,Owen,Carter,9300 Moss Run,ANKETELL,WA,6167.0,99 Levi Summit,ADARE,QLD,4343.0
barrett@yahoo.com,Ashley,Green,5023 Nader Lane,ANDAMOOKA,SA,5722.0,92 Bergstrom Run,ANTONYMYRE,WA,6714.0
salvatore_schuppe@gmail.com,Aidan,Kuhlman,201 Durgan Mall,ANNADALE,SA,5356.0,26 Cassin Knoll,ALEXANDRA HEADLAND,QLD,4572.0
karl@yahoo.com,Alexandra,Clarke,6591 Natalie Meadow,ARROWSMITH,WA,6525.0,8719 Adams Place,ANSONS BAY,TAS,7264.0
karyn.kub@gmail.com,Samantha,Champlin,79 Eve Pass,ADARE,QLD,4343.0,67 Erdman Island,AUGATHELLA,QLD,4477.0
mackenzie_auer@gmail.com,Cameron,Haley,351 Heidi Court,ALPHINGTON,VIC,3078.0,460 Mccullough Manor,AIRVILLE,QLD,4807.0
lea.cummings@hotmail.com,Daniel,Braun,80 Ernser Avenue,ANNADALE,SA,5356.0,89 Eva Boulevard,AIRLY,VIC,3851.0
julian@yahoo.com,Luke,Dare,544 Sanford Pass,AYLMERTON,NSW,2575.0,715 Tremblay Street,ARTHUR RIVER,TAS,7330.0
sandee@yahoo.com,Blake,Feeney,2442 Grimes Island,ASHMONT,NSW,2650.0,174 Isabelle Track,AVISFORD,NSW,2850.0
camille_hintz@yahoo.com,William,Walter,4945 Chloe Parkway,MILLERBURGH,NSW,1270.0,93 Maya Lane,NATESIDE,ACT,6202.0
twila_morar@yahoo.com,Bella,Lockman,8813 Emily Meadow,ARMSTRONG CREEK,VIC,3217.0,74 Ali Circuit,ALLWORTH,NSW,2425.0
maryjo@yahoo.com,Lucy,Stokes,888 Mackenzie Ridge,AARONS PASS,NSW,2850.0,7423 Crooks Crest,ADAMSTOWN,NSW,2289.0
phillip@gmail.com,Archie,Barton,41 Taylor View Rd,ANGLEDOOL,NSW,2834.0,796 Madison Crest,ALMONDS,VIC,3727.0
sol@gmail.com,Jett,Monahan,8845 Braun Hill,ARMADALE,WA,6112.0,61 Emily Place,ANAMBAH,NSW,2320.0
aileen.berge@yahoo.com,Phoebe,Dare,823 O'neill Place,ALLENS RIVULET,TAS,7150.0,58 Walsh Trail,ARAKOON,NSW,2431.0
ozie.herzog@gmail.com,Lachlan,Howell,91 Samantha Parkway,ADAMS ESTATE,VIC,3984.0,9367 Smyth Way,ALBANY,WA,6330.0
deane_donnelly@gmail.com,Alexander,Walker,25 Grace Crescent,APPILA,SA,5480.0,8683 Leffler Boulevard,ANDERGROVE,QLD,4740.0
ona@hotmail.com,Summer,Hand,24 Matilda Station St,ARCOONA,SA,5720.0,81 Bayer Loop,ABINGTON,QLD,4660.0
oren.west@yahoo.com,Archie,Douglas,15 Alyssa Street,ALBION PARK RAIL,NSW,2527.0,2907 Isabelle Terrace,ABERFOYLE PARK,SA,5159.0
todd@yahoo.com,Riley,West,2122 Goodwin Avenue,ARCADIA SOUTH,VIC,3631.0,2782 Carroll Street,ABERCORN,QLD,4627.0
loreta.bernier@hotmail.com,Audrey,Rohan,264 Maya Station St,APPLECROSS,WA,6153.0,770 Mason Plaza,AITKENVALE,QLD,4814.0
major_hermann@hotmail.com,Natalie,Hammes,33 Durgan Circle,AREEGRA,VIC,3480.0,1531 Victoria Parade,ARMIDALE,NSW,2350.0
hunter@gmail.com,Edward,Parisian,62 Lachlan Run,ARKAROOLA VILLAGE,SA,5732.0,201 Khan Street,ANTIGUA,QLD,4650.0
lanny.fay@gmail.com,Marcus,Kutch,2245 Jett Square,ARDROSSAN,SA,5571.0,7267 Chelsea Loop,ARCADIA,QLD,4819.0
ruthie@yahoo.com,Eli,Wood,157 Amy Crest,ASHBOURNE,VIC,3442.0,8970 Eve Terrace,AURUKUN,QLD,4892.0
jim@yahoo.com,Phoenix,Douglas,6855 Erdman Mews,ARIAH PARK,NSW,2665.0,237 Williams Way,ADJUNGBILLY,NSW,2727.0
lise.lang@gmail.com,Claire,Anderson,,AVONSIDE,NSW,2628.0,31 Holly Avenue,ABERFOYLE PARK,SA,5159.0
shery@hotmail.com,Callum,Feeney,,PARISIANBERG,QLD,7260.0,4101 Hamish Square,ANDREWFORT,SA,2880.0
pete@yahoo.com,Taylor,Jerde,,AITKENVALE,QLD,4814.0,5578 Zac Track,APPIN,VIC,3579.0
rosemarie@hotmail.com,Maddison,Morissette,,ANGURUGU,NT,822.0,8704 Koss Trail,ALLAWAH,NSW,2218.0
fernando.fadel@gmail.com,Isabel,Grant,,AVOCA,NSW,2577.0,9291 Stewart Manor,AUSTINMER,NSW,2515.0
efrain@gmail.com,Justin,Harber,,ADDINGTON,VIC,3352.0,709 Joshua Avenue,ARUMPO,NSW,2715.0
armanda@hotmail.com,Jasmine,Durgan,,ABBA RIVER,WA,6280.0,861 Lewis Station St,ANNUELLO,VIC,3549.0
donald@hotmail.com,Zara,Rohan,,AROONA,QLD,4551.0,45 Cassin Mall,ALBION,QLD,4010.0
kaila.huel@hotmail.com,Ryan,Nicolas,,ARCADIA,QLD,4819.0,15 Leo Estate Dr,ARANBANGA,QLD,4625.0
neil@hotmail.com,Annabelle,Stokes,,ALFORD,SA,5555.0,680 Langworth Summit,ALICE,NSW,2469.0
nelia@gmail.com,Chelsea,Botsford,,ALBERTA,QLD,4702.0,225 Chelsea Meadow,ANABRANCH SOUTH,NSW,2648.0
emmett@hotmail.com,Angus,Richards,,ASHWOOD,VIC,3147.0,14 Ava Knoll,ARCHDALE JUNCTION,VIC,3475.0
julia_abbott@gmail.com,Joseph,Goldner,,APSLEY,TAS,7030.0,58 Heidi Drive,ANKETELL,WA,6167.0
willian@gmail.com,Zoe,Hackett,,ABERNETHY,NSW,2325.0,59 Paterson Manor,AUSTRALIA PLAINS,SA,5374.0
alfreda_will@gmail.com,Sienna,Schmitt,,APOINGA,SA,5413.0,48 Madeline Mews,ANGASTON,SA,5353.0
lizzie_boehm@hotmail.com,Alexander,Parker,,ARCHERFIELD,QLD,4108.0,19 Wilson Grove,ARANBANGA,QLD,4625.0
carolann@gmail.com,Harrison,Stanton,,AVOCA BEACH,NSW,2251.0,2280 Hall Ridge,ARATULA,NSW,2714.0
dustin.daniel@yahoo.com,Lillian,Quinn,,AVON VALLEY NATIONAL PARK,WA,6084.0,123 Cartwright Avenue,ARNOLD WEST,VIC,3551.0
toby@gmail.com,Jesse,Howe,,ATTADALE,WA,6156.0,74 Hamish Summit,ARMAGH,SA,5453.0
jamie.ondricka@hotmail.com,Taylor,Flatley,,ALBION,VIC,3020.0,363 Taylor Station St,ARNOLD WEST,VIC,3551.0
elbert.murray@yahoo.com,Ellie,Russel,,ALMA,WA,6535.0,3209 Walter Drive,AYLMERTON,NSW,2575.0
dave@hotmail.com,Jack,Morgan,,ARUMBERA,NT,873.0,215 Bahringer Street,ANAMBAH,NSW,2320.0
rima@gmail.com,Georgia,Adams,23 Bogan Parade,AGNES BANKS,NSW,2753.0,2053 Fay Run,ARCHIES CREEK,VIC,3995.0
lamont@hotmail.com,Sarah,Boyle,3934 Levi Meadow,ALBION,QLD,4010.0,33 Oliver Estate Dr,ARTHURS CREEK,VIC,3099.0
tod@yahoo.com,Abbey,Wilderman,77 Lowe Lane,ANTONYMYRE,WA,6714.0,183 Hugo Pass,ALAWOONA,SA,5311.0
shantell@hotmail.com,Gemma,Cox,31 Sam Track,AUSTINS FERRY,TAS,7011.0,18 Skye Parade,ANTONYMYRE,WA,6714.0
margorie.larkin@gmail.com,Eli,Mayer,522 Scarlett Ridge,AVONDALE,NSW,2530.0,77 Zac Crescent,ANGURUGU,NT,822.0
alton@gmail.com,Jessica,James,2317 Emma Plaza,NORTH LINCOLNSTAD,QLD,6756.0,94 Henry Court,DANIELHAVEN,WA,1267.0
karin@gmail.com,Alice,Nolan,819 Oliver Circuit,ARMSTRONG CREEK,QLD,4520.0,418 Berge Crescent,AKAROA,TAS,7216.0
victor.bailey@gmail.com,Archie,Macdonald,83 Nader Drive,EMMASIDE,WA,9254.0,2626 Reid Island,MADISONFURT,SA,8674.0
nicolas@gmail.com,Lachlan,Beahan,40 Harber Ridge,ARCADIA SOUTH,VIC,3631.0,17 Justin Road,ARGENTON,NSW,2284.0
gonzalo_leannon@hotmail.com,Hamish,Hayes,8457 Flatley Grove,ANDAMOOKA,SA,,121 Walter Crest,ANCONA,VIC,3715.0
alfonso.hills@gmail.com,Madeline,Larson,534 Lily Place,ANDO,NSW,,1921 Caitlin Estate Dr,APOLLO BAY,VIC,3233.0
jule@gmail.com,Lachlan,Hermann,187 Jackson Place,ARDMONA,VIC,,6153 Larkin Trail,AUSTRAL,NSW,2179.0
glady@hotmail.com,Jackson,Leannon,1623 Kreiger Place,AMELUP,WA,,2344 Jenkins Manor,ARTHURS LAKE,TAS,7030.0
preston@gmail.com,Marcus,Braun,64 Eliza Road,AMBERLEY,QLD,,265 Ali Parkway,ALBANY,WA,6330.0
shoshana@gmail.com,Imogen,Lewis,5157 Abby Mall,ALDGATE,SA,,587 Mason Trail,ANDO,NSW,2631.0
anthony_collier@hotmail.com,Heidi,Hackett,105 Alex Junction,ANAMBAH,NSW,2320.0,43 Nicholas Street,ARAMARA,QLD,4620.0
martin.wisoky@gmail.com,Kayla,White,2834 Piper Court,ARTHURTON,SA,5572.0,67 Turcotte Pass,ALICE SPRINGS,NT,870.0
julene_stiedemann@gmail.com,Stella,Garden,61 Turcotte Boulevard,ASHFIELD,QLD,4670.0,98 Green Track,ARDMONA,VIC,3629.0
robert@hotmail.com,Nathan,Davies,778 Nicolas Summit,ASHBOURNE,VIC,3442.0,72 Kovacek Ridge,ASHWOOD,VIC,3147.0
morgan.fritsch@gmail.com,Benjamin,Doyle,38 Swift Run,ALYANGULA,NT,885.0,7321 Garden Knoll,ALCOMIE,TAS,7330.0
sudie.kertzmann@hotmail.com,Tyler,Hand,17 Ashley Mall,ARALUEN,QLD,4570.0,51 Madison Mall,APPILA,SA,5480.0
carolyne_huels@hotmail.com,Joel,Taylor,8515 Abigail Circuit,AUGATHELLA,QLD,4477.0,635 Eliza Place,ARGYLL,QLD,4721.0
shad@gmail.com,Audrey,Sanford,393 Layla Way,ADELONG,NSW,2729.0,9059 Matthew Road,ARGOON,NSW,2707.0
booker.roberts@gmail.com,Claudia,Borer,330 Angelina Avenue,ARGYLL,QLD,4721.0,126 D'amore Road,ADAMS ESTATE,VIC,3984.0
emelda.hoeger@yahoo.com,Willow,O'hara,21 Paterson Street,ALISON,NSW,2259.0,1866 Patel Mall,APPIN,NSW,2560.0
olin_okon@gmail.com,Elijah,Sanford,42 Hunter Pass,ALTON DOWNS,QLD,4702.0,91 Johnston Parade,ASHFIELD,WA,6054.0
herbert@gmail.com,Christian,Schroeder,5439 Grimes Estate Dr,AMAMOOR,QLD,4570.0,81 Luca Loop,ALLEENA,NSW,2671.0
ona_kuphal@yahoo.com,Abbey,O'keefe,23 Piper Estate Dr,ARALUEN,NT,870.0,23 Murphy Meadow,ALFORD,SA,5555.0
ramiro.predovic@hotmail.com,Mackenzie,Wolf,2228 Isaac Crest,ARDROSSAN,SA,5571.0,829 Sophie Crescent,ARCHER RIVER,QLD,4892.0
sheree.mertz@gmail.com,Summer,Spencer,6875 Kelly Knoll,ASHMONT,NSW,2650.0,147 Hill Crescent,ANGLE PARK,SA,5010.0
darnell@yahoo.com,Logan,Connelly,93 Flatley Boulevard,ADAMSTOWN HEIGHTS,NSW,2289.0,458 Isabel Crest,ACTON,ACT,2601.0
adan.crist@hotmail.com,Lachlan,Smyth,2950 Hamish Crescent,ALMA,VIC,3465.0,27 Phoebe View Rd,ALLESTREE,VIC,3305.0
enedina@yahoo.com,Oscar,Watson,5976 Rohan Manor,ARRAWARRA HEADLAND,NSW,2456.0,3163 Dare Circle,ALAWA,NT,810.0
soila@gmail.com,Summer,Parker,10 Champlin Pass,ARDLETHAN,NSW,2665.0,32 Spencer Square,ARTHUR RIVER,WA,6315.0
horacio.lemke@gmail.com,Liam,Bogan,6377 Rohan Circuit,ANDAMOOKA STATION,SA,5719.0,4080 Mitchell Avenue,ARIAH PARK,NSW,2665.0
afton@hotmail.com,Abigail,Bayer,21 Holly Parkway,APPLETHORPE,QLD,4378.0,6815 Bella Run,ALLENVIEW,QLD,4285.0
shellie@gmail.com,Sienna,Connelly,445 Mia Loop,ARDATH,WA,6419.0,2469 Scott Drive,ANNANDALE,NSW,2038.0
terresa.torp@hotmail.com,Archie,Dooley,25 King Estate Dr,AUSTRALIND,WA,6233.0,539 Gutmann Parkway,AVENELL HEIGHTS,QLD,4670.0
floyd@yahoo.com,Amy,Leffler,1325 Hermiston Junction,ARALUEN,NT,870.0,6266 Mitchell Place,ALSTONVILLE,NSW,2477.0
samual@yahoo.com,Daniel,Bode,50 Kris Terrace,ASPENDALE GARDENS,VIC,3195.0,21 Beau Circle,ARGYLE,WA,6239.0
derek@yahoo.com,Anthony,Brown,5261 Adam View Rd,ABBEY,WA,6280.0,6795 Miller Meadow,ALDOGA,QLD,4694.0
esteban.block@hotmail.com,Charlotte,Bogan,396 Cole Street,PORT LUCY,TAS,9675.0,83 Wilkinson Circle,ETHANTON,NT,8543.0
bradly.shields@yahoo.com,Imogen,Graham,912 Barton View Rd,ALEXANDRA,VIC,3714.0,46 Alex Knoll,AWABA,NSW,2283.0
noella_willms@hotmail.com,Nicholas,Connelly,6748 Ernser View Rd,ADAMSTOWN HEIGHTS,NSW,2289.0,3128 Abigail Crescent,ANAMBAH,NSW,2320.0
kathrine@gmail.com,Isabelle,O'connell,8331 Evie Crescent,AUSTRALIA PLAINS,SA,5374.0,531 Bailey Junction,ABBOTSFORD,QLD,4670.0
valentine@yahoo.com,Paige,Mclaughlin,639 George Manor,AMBERLEY,QLD,4306.0,1259 Hand Meadow,ARMSTRONG CREEK,QLD,4520.0
chas@gmail.com,Charlie,Muller,5719 Lowe Ridge,ALBION PARK RAIL,NSW,2527.0,917 Evie Estate Dr,AUSTRAL,NSW,2179.0
suzanne@gmail.com,Harry,Nader,648 Hamish Mall,AIRDS,NSW,2560.0,12 Phoebe Loop,ALBERT PARK,VIC,3206.0
gala@hotmail.com,Angus,Bergstrom,7612 Isabel Hill,ALBION,VIC,3020.0,8793 Campbell Manor,ASHFIELD,WA,6054.0
bailey.altenwerth@hotmail.com,Owen,Turcotte,362 Mason Track,ARCHIES CREEK,VIC,3995.0,3505 Morrison Hill,AGNES,VIC,3962.0
mamie.grady@gmail.com,Mitchell,Jacobs,24 Gutmann Loop,ALLEENA,NSW,2671.0,4888 Mayer Road,ALLANSFORD,VIC,3277.0
rolland@gmail.com,Molly,Baumbach,120 Lakin Boulevard,AMERICAN BEACH,SA,5222.0,93 Hansen Loop,ALLAMBEE SOUTH,VIC,3871.0
sulema@gmail.com,Lincoln,Hamilton,2180 Windler Terrace,ALLIGATOR CREEK,QLD,4740.0,72 Howe Crest,ARTHURTON,SA,5572.0
branden.abshire@hotmail.com,Claudia,Moore,82 Hughes Crescent,ALLEENA,NSW,2671.0,20 Macdonald Plaza,ALVA,QLD,4807.0
jewel_altenwerth@gmail.com,Samuel,Kemmer,77 Natalie Circle,ANNANGROVE,NSW,2156.0,74 Dare Terrace,ADJUNGBILLY,NSW,2727.0
maisie_kuvalis@hotmail.com,Lincoln,Cruickshank,3970 Hermiston View Rd,ANDERLEIGH,QLD,4570.0,75 Anthony Road,ALSTONVILLE,NSW,2477.0
sharika_jacobi@yahoo.com,Blake,Hughes,60 Ryan Parade,ASHENDON,WA,6111.0,76 Madison Circuit,ANDO,NSW,2631.0
jed@hotmail.com,Cooper,Richards,63 Emma Mews,ALBION,QLD,4010.0,4599 Fay Track,ARMSTRONG CREEK,QLD,4520.0
annett.prosacco@yahoo.com,Lauren,Jacobs,736 Kunde Boulevard,SOUTH ANDREWCHESTER,VIC,7302.0,5376 Eva Drive,NGUYENTOWN,QLD,6332.0
laci@gmail.com,Kayla,Larkin,432 Finn Meadow,ANSTEAD,QLD,4070.0,7069 Gibson Circuit,AXE CREEK,VIC,3551.0
donovan@hotmail.com,Jackson,Hermiston,780 Robinson Square,HAMISHVIEW,SA,3349.0,121 Rutherford Manor,PORT MADELINEFURT,TAS,1000.0
theda_kihn@yahoo.com,Charlie,Ebert,7979 Lucy Junction,ALVA,QLD,4807.0,87 Kreiger Circuit,AUSTINVILLE,QLD,4213.0
shannon_lindgren@yahoo.com,Jessica,Quinn,22 Price Meadow,ALLANSON,WA,6225.0,877 Claudia Island,ASQUITH,NSW,2077.0
celestine@gmail.com,Emily,Walter,926 Wood Crescent,ARATULA,NSW,2714.0,7413 Reynolds Lane,ANDROMACHE,QLD,4800.0
davina.franecki@hotmail.com,Victoria,Kunde,786 Schroeder Parade,ARNDELL PARK,NSW,2148.0,4896 Howe Parkway,ALISON,NSW,2259.0
casimira@gmail.com,Ava,Davies,2544 Schmitt Circle,ABBEY,WA,6280.0,1133 Alexandra Summit,ALTONA,SA,5351.0
ellis@hotmail.com,Phoebe,Tremblay,466 Isabel Ridge,AROONA,QLD,4551.0,6317 Sofia Loop,ACACIA HILLS,NT,822.0
alishia.wiegand@gmail.com,Hayden,Walker,8851 Wood Track,ARALUEN,QLD,4570.0,3147 Hyatt Island,ALFREDTOWN,NSW,2650.0
suzanna.adams@gmail.com,Oliver,Stokes,2216 Smith Circuit,GREENHOLTMOUTH,SA,5525.0,2582 Ferry Pass,MATTHEWFORT,ACT,5697.0
lashaun@yahoo.com,Alexandra,Hettinger,21 O'hara Grove,PORT MIA,SA,7827.0,528 Hackett Circle,BODELAND,TAS,5368.0
dominique@hotmail.com,Gemma,Wright,64 Morrison Place,ARDROSSAN,SA,5571.0,7602 Hudson Parade,ADAVALE,QLD,4474.0
phylicia@hotmail.com,Xavier,Mckenzie,35 Violet Island,ANGAS PLAINS,SA,5255.0,41 Charlotte Mews,ABERGLASSLYN,NSW,2320.0
abram_christiansen@gmail.com,Amelie,Parker,2554 Mckenzie Estate Dr,ALBION,QLD,4822.0,8073 Ava Manor,AUSTRAL EDEN,NSW,2440.0
belen@hotmail.com,Ali,Tremblay,80 Hunter Parade,ARGOON,QLD,4702.0,96 Lucy Station St,ANTONYMYRE,WA,6714.0
jimmy@yahoo.com,Caleb,Crooks,98 Hane Circuit,AROONA,QLD,4551.0,38 Addison Run,ASHFIELD,NSW,2131.0
arletta_mosciski@gmail.com,Kiara,King,77 Archie Loop,AIRDS,NSW,2560.0,10 Campbell Crescent,ASCOT,QLD,4360.0
tiera@gmail.com,Joel,Kohler,2032 Olivia Junction,AMERICAN RIVER,SA,5221.0,7446 Muller Square,ALDAVILLA,NSW,2440.0
darron@yahoo.com,Luca,Mckenzie,1926 Smitham Way,SOUTH ELLABURGH,NT,6250.0,23 Kovacek Way,STEPHANIESHIRE,NSW,1564.0
jon.ullrich@hotmail.com,Scarlett,Collier,110 Watson Junction,ARGYLE,VIC,3523.0,320 Sarah Avenue,ALDGATE,SA,5154.0
glennis@yahoo.com,Audrey,Bogan,77 Baumbach Crest,AVALON,VIC,3212.0,908 Mccullough Drive,AITKENVALE,QLD,4814.0
bennie@hotmail.com,Lillian,Parisian,8179 Bosco Terrace,AVALON,VIC,3212.0,946 Sam Avenue,ALTONA,VIC,3018.0
lizzie_deckow@gmail.com,Mikayla,Patel,252 Mason Hill,ARGYLE,VIC,3523.0,8792 Marcus Street,ACTON PARK,WA,6280.0
lauran@hotmail.com,Claudia,Parisian,34 Ward Crest,ASHCROFT,NSW,2168.0,59 D'amore Terrace,ALBION PARK,NSW,2527.0
regan.adams@yahoo.com,Oscar,Jackson,8772 Savannah Lane,AULDANA,SA,5072.0,435 Patel Pass,ARDROSS,WA,6153.0
debroah.hayes@yahoo.com,Lily,Green,3010 Abbey Crest,ALFREDTON,VIC,3350.0,5451 Jacobs Circle,ARGALONG,NSW,2720.0
karren@gmail.com,Elijah,Fisher,731 Rodriguez Place,ARALUEN,NSW,2622.0,534 Mikayla Way,ARTHURS LAKE,TAS,7030.0
sydney.hirthe@hotmail.com,Amber,Edwards,73 Ellie Loop,ARRAWARRA HEADLAND,NSW,2456.0,38 Bailey Square,ARCHER,NT,830.0
jerrell_kemmer@yahoo.com,Finn,Walker,167 Chelsea Ridge,TURNERCHESTER,TAS,5574.0,34 Anderson Track,EAST SAVANNAH,NSW,4663.0
rosendo_schaefer@yahoo.com,Levi,Davis,6171 Eve Knoll,AMITY,QLD,4183.0,149 Harvey Island,AUCHMORE,VIC,3570.0
corazon_turcotte@yahoo.com,Chelsea,Beier,9542 Bella Lane,ANAMA,SA,5464.0,153 Patrick Pass,ANKETELL,WA,6167.0
donte_vonrueden@hotmail.com,Benjamin,Mills,119 Rose Mall,AEROGLEN,QLD,4870.0,99 Thomas Drive,ABBOTSFORD,NSW,2046.0
simona@yahoo.com,Eli,Cole,24 Ivy Parkway,ALTON DOWNS,QLD,4702.0,297 Crooks Place,AVENELL HEIGHTS,QLD,4670.0
brooks@yahoo.com,Charli,Mueller,80 Andrew Hill,ANNUELLO,VIC,3549.0,6701 Kessler Run,ACLAND,QLD,4401.0
donte@yahoo.com,Kayla,Schmitt,1096 Smitham Street,APOINGA,SA,5413.0,553 Justin Parkway,ANTIGUA,QLD,4650.0
theodore@hotmail.com,Jade,Barton,53 Murphy Knoll,ATTUNGA,NSW,2345.0,3760 Caitlin Street,AMBY,QLD,4462.0
max@gmail.com,Zara,Gleason,2839 Anna Parkway,ALTONA NORTH,VIC,3025.0,7742 Bailey Street,ALLAWAH,NSW,2218.0
renaldo.kirlin@hotmail.com,Lachlan,Bruen,3506 Lynch Boulevard,AUBURN,NSW,2144.0,18 Elijah Lane,AVON,SA,5501.0
cruz@gmail.com,Phoebe,Harber,5677 Price Plaza,ANULA,NT,812.0,45 Kunde Parkway,ARTHUR RIVER,WA,6315.0
savannah@hotmail.com,Paige,Rodriguez,95 Martin Circuit,AVON,NSW,2574.0,264 William Road,ANABRANCH SOUTH,NSW,2648.0
martin@gmail.com,Amelie,Davis,146 Ryan Street,EAST HENRYLAND,WA,1843.0,733 Leffler Knoll,REESMOUTH,QLD,8304.0
gaylord.crist@gmail.com,Skye,Williamson,74 Jordan Grove,ABERGOWRIE,QLD,4850.0,13 Kayla Estate Dr,ALMA,SA,5401.0
sid@gmail.com,Mia,Tromp,9403 Brown Track,ASHMONT,NSW,2650.0,611 Oscar Manor,ANGLE PARK,SA,5010.0
heidi_gerhold@yahoo.com,Molly,Sanford,756 Huel Manor,ATTWOOD,VIC,3049.0,3371 Heaney Lane,ALLENS RIVULET,TAS,7150.0
jacques_halvorson@yahoo.com,Hamish,Emmerich,93 Kirlin Avenue,ASCOT,QLD,4007.0,17 Jasmine Island,AMITY,QLD,4183.0
andera@yahoo.com,Madeline,Grant,98 Ella Road,ABBEY,WA,6280.0,399 D'amore Hill,ARAWATA,VIC,3951.0
dick.herzog@yahoo.com,Leo,Gibson,420 Isabel Run,APSLAWN,TAS,7190.0,46 Isabella Place,AVON,SA,5501.0
shandi@yahoo.com,Gemma,Little,176 Hermann Meadow,ALICE CREEK,QLD,4610.0,958 Charles Lane,ASHBOURNE,VIC,3442.0
harvey.sawayn@yahoo.com,Lola,Larson,1756 Rees Street,ASCOT,QLD,4360.0,4627 Thomas Road,ALLENDALE EAST,SA,5291.0
reyna@yahoo.com,Chloe,Reynolds,4926 Murphy Road,ARRAWARRA,NSW,2456.0,873 Welch Junction,ALBION PARK,NSW,2527.0
rex_hermiston@yahoo.com,Summer,Barton,98 Greenfelder Summit,AVOCA,TAS,7213.0,87 Hannah Lane,ALLORA,QLD,4362.0
chiquita@gmail.com,Jasper,Phillips,55 Andrew Crescent,ADELAIDE PARK,QLD,4703.0,5816 Zac Street,ACHERON,VIC,3714.0
anna@gmail.com,James,Hansen,75 Matthew Track,ANAMA,SA,5464.0,3120 Skye Station St,ASHGROVE,QLD,4060.0
arlen_strosin@gmail.com,William,Tromp,351 Phillips Loop,ALLENDALE,VIC,3364.0,8453 Michael Crescent,ADJUNGBILLY,NSW,2727.0
lane.schmidt@hotmail.com,Angelina,Davies,48 Ashley Junction,AMPILATWATJA,NT,872.0,703 Lewis Crest,ANABRANCH NORTH,NSW,2648.0
lyle@yahoo.com,Finn,Thomson,164 D'amore View Rd,PORT MAYALAND,NT,7321.0,5278 Connor Summit,EAST JACKSONLAND,QLD,9665.0
raymond_kutch@gmail.com,Audrey,Barrows,51 Mia Track,ARCADIA SOUTH,VIC,3631.0,4936 Daniel Court,ANDREWS FARM,SA,5114.0
mickey@yahoo.com,Mia,Schmitt,696 Abby Run,ARKELL,NSW,2795.0,8349 Annabelle Mews,AMATA,SA,872.0
carmina.rutherford@gmail.com,Stephanie,O'hara,96 Charles Way,ANGASTON,SA,5353.0,65 Joshua Junction,ANULA,NT,812.0
alona@gmail.com,Phoenix,Muller,912 Thompson Circle,ALFRED COVE,WA,6154.0,29 Hannah Place,ASHMONT,NSW,2650.0
karan@hotmail.com,Lachlan,Thomson,62 Mueller Run,APPLEBY,NSW,2340.0,797 Isabella Terrace,ANGLERS REST,VIC,3898.0
glenn_robel@gmail.com,Beau,Gibson,487 Lincoln Mews,AVON,SA,5501.0,8110 Samantha Mall,ADAVALE,QLD,4474.0
gus@gmail.com,Amelia,Stanton,396 Emma Mews,ASHBOURNE,VIC,3442.0,712 Max Mews,ASPENDALE GARDENS,VIC,3195.0
karma.stanton@hotmail.com,Toby,Kovacek,9826 Adam Parkway,ANAKIE,VIC,3213.0,33 Stokes Court,ACHERON,VIC,3714.0
elton@hotmail.com,Leo,Mills,203 Rolfson Knoll,ANTONYMYRE,WA,6714.0,8914 Griffiths Run,ALBERTON,VIC,3971.0
kelly.hansen@gmail.com,Adam,Langworth,3573 Kirlin Mews,NEW EMMA,ACT,4021.0,1253 Sam Loop,EAST AMBERBURGH,NSW,2718.0
marcella_buckridge@yahoo.com,Jasper,Hall,157 Jacob Summit,ARMSTRONG BEACH,QLD,4737.0,66 Anthony Avenue,ABBEYWOOD,QLD,4613.0
steve.nitzsche@gmail.com,Sarah,Shields,34 Kreiger Circle,ALLEENA,NSW,2671.0,378 Molly Manor,APPLEBY,NSW,2340.0
markus.morar@gmail.com,Lucy,Rees,2727 Durgan Loop,ASHWOOD,VIC,3147.0,66 Matthew Parade,ALI CURUNG,NT,872.0
bernardina.nienow@gmail.com,Maddison,Little,31 Thompson Manor,ALTONA,VIC,3018.0,424 Borer View Rd,ALBERTON,QLD,4207.0
fidel@yahoo.com,Lucas,Tillman,4985 Bosco Trail,ANTIGUA,QLD,4650.0,2447 Piper Square,AVONDALE,QLD,4670.0
sonya@hotmail.com,Victoria,Kiehn,30 Dooley Square,AVONSLEIGH,VIC,3782.0,55 Kai Mews,AUBIN GROVE,WA,6164.0
al@yahoo.com,Violet,Morrison,478 Schroeder Circuit,AVENEL,VIC,3664.0,61 Kohler Boulevard,ARDLETHAN,NSW,2665.0
lamont.damore@gmail.com,Sophia,O'conner,3282 Thompson Parade,BRUENBURGH,ACT,5930.0,3258 Olivia Grove,NEW ETHANTON,NSW,8679.0
tynisha@hotmail.com,Kiara,Kris,5081 Hermann Crest,ACACIA HILLS,NT,822.0,628 Ryan Station St,ASHBURTON,VIC,3147.0
emely_daniel@yahoo.com,Bella,Hayes,3364 Dickinson Station St,ASHFIELD,QLD,4670.0,8704 Holly Square,AMELUP,WA,6338.0
janiece.simonis@hotmail.com,Heidi,Huel,8016 Hyatt Way,SOUTH GEORGE,NSW,1220.0,33 Michael Junction,MATTHEWBOROUGH,QLD,5439.0
blanch@yahoo.com,Ryan,Macdonald,767 Isabel Boulevard,ASHENDON,WA,6111.0,977 Huel Way,ACTON PARK,WA,6280.0
carrol@yahoo.com,Elijah,Hessel,757 Adam Junction,ALBERTON,TAS,7263.0,90 Wilkinson Plaza,AVOCA,TAS,7213.0
modesto_hagenes@gmail.com,Stephanie,O'connell,803 Hane Loop,AYLMERTON,NSW,2575.0,5675 Lewis Circle,ADELONG,NSW,2729.0
kermit@gmail.com,Declan,Harber,7328 Graham Square,ANGELO RIVER,WA,6642.0,420 Imogen Avenue,ANGOURIE,NSW,2464.0
gene@hotmail.com,Aidan,Davies,471 Lucy Station St,AMBLESIDE,TAS,7310.0,4822 Jacobi Knoll,ASHBOURNE,VIC,3442.0
man@gmail.com,Edward,Hughes,33 Beahan Square,AUSTRAL,NSW,2179.0,77 Murray Meadow,ANGLERS REST,VIC,3898.0
joanie.feil@yahoo.com,Evie,Boyer,163 Griffiths Lane,ALEXANDRA HEADLAND,QLD,4572.0,642 Farrell Station St,ADAMSTOWN,NSW,2289.0
lu@yahoo.com,Mason,Champlin,943 Gabriel Manor,ASCOT,VIC,3551.0,9381 Sam Avenue,AVALON BEACH,NSW,2107.0
junie@yahoo.com,Luke,Nguyen,30 Jessica Hill,APPLECROSS,WA,6153.0,3470 Wilderman Court,ANNUELLO,VIC,3549.0
norene_little@gmail.com,Owen,Mason,1547 Kuhlman Junction,ALDERSHOT,QLD,4650.0,926 Maya Square,ANABRANCH SOUTH,NSW,2648.0
marisha_keebler@gmail.com,Ivy,Kirlin,7639 Zara Plaza,ALMADEN,QLD,4871.0,42 Thomas Drive,ALLORA,QLD,4362.0
betsey_gorczany@gmail.com,Abby,Jacobi,6394 Clark Estate Dr,ARMSTRONG CREEK,QLD,4520.0,53 Monahan Circuit,ARMIDALE,NSW,2350.0
stephane.gusikowski@gmail.com,Jake,Champlin,34 Emmerich Track,ARAWATA,VIC,3951.0,837 Alex Pass,ABERCROMBIE,NSW,2795.0
allie_howe@gmail.com,Jacob,Weber,424 Jayden Terrace,ABBOTSHAM,TAS,7315.0,17 Alexis Estate Dr,ARCHERTON,VIC,3723.0
valrie_predovic@hotmail.com,Callum,Wilderman,453 Jasper Drive,AMELUP,WA,6338.0,40 Mills Run,ALFORD,SA,5555.0
larry@yahoo.com,Molly,Hudson,332 Taylor Street,ALISON,NSW,2420.0,598 Bosco Place,ALLANSON,WA,6225.0
shakita_mertz@hotmail.com,Amy,Harber,332 Christiansen Way,PORT ALI,WA,6563.0,427 Koch Square,BERGSTROMSTAD,TAS,8904.0
jillian@yahoo.com,Audrey,Cole,93 Roberts Island,ALDINGA BEACH,SA,5173.0,621 Isaac Loop,ALTONA NORTH,VIC,3025.0
sheilah_zulauf@yahoo.com,Isabella,Bogan,552 Nathan Avenue,AYLMERTON,NSW,2575.0,75 Anderson Junction,ANDOVER,TAS,7120.0
maureen@gmail.com,Isabella,Becker,7837 John Court,ABERGLASSLYN,NSW,2320.0,7365 Gibson Street,ARATULA,NSW,2714.0
donovan.jones@yahoo.com,Alexandra,Goodwin,5493 Borer Crescent,ATKINSONS DAM,QLD,4311.0,5960 Sofia Street,AVOCA,TAS,7213.0
evita@gmail.com,Max,Harvey,3452 Charles Knoll,ALDINGA,SA,5173.0,7617 Kris Junction,AVON,NSW,2574.0
nadine_bosco@yahoo.com,Annabelle,Hudson,4860 Lauren Plaza,ARIAH PARK,NSW,2665.0,65 Khan Plaza,ALTONA,VIC,3018.0
pamella_hudson@gmail.com,Jake,Jacobi,894 Andrew Trail,ALDAVILLA,NSW,2440.0,961 Donnelly Circle,ARMATREE,NSW,2828.0
grace_spencer@yahoo.com,Lola,Corkery,8166 Ebert Island,AMAMOOR,QLD,4570.0,1307 Bruen Crescent,ASHFIELD,QLD,4670.0
carlo@gmail.com,Edward,Larkin,26 Doherty Mall,ANGAS VALLEY,SA,5238.0,2108 Schmidt Crescent,ARNOLD,VIC,3551.0
augustine_oconner@gmail.com,Mackenzie,Koelpin,889 Jasmine Run,ALBERTON,QLD,4207.0,426 Lowe Square,ANNANGROVE,NSW,2156.0
micha.morar@hotmail.com,Isla,Morissette,37 Bosco Hill,ADA,VIC,3833.0,6198 Nicolas Ridge,AUSTINMER,NSW,2515.0
monty_rath@hotmail.com,Jacob,Thomas,5508 Cooper Mews,ALBION PARK RAIL,NSW,2527.0,717 Georgia Place,ANNIEBROOK,WA,6280.0
kellee@yahoo.com,Nate,Reynolds,54 Monahan Grove,AROONA,QLD,4551.0,602 Macdonald Mews,ANANGU PITJANTJATJARA YANKUNYTJATJARA,SA,872.0
clint_schroeder@yahoo.com,Eli,Stewart,2955 Leah Run,ATHOL,QLD,4350.0,75 O'conner Crescent,AUBIGNY,QLD,4401.0
clement_bosco@gmail.com,Adam,Hessel,796 Henry Manor,ARAMAC,QLD,4726.0,282 Chase Boulevard,ALEXANDRA,QLD,4740.0
pam.stark@hotmail.com,Logan,Kemmer,77 Mia Street,ABBOTSFORD,NSW,2046.0,548 Schneider Summit,ARTHURTON,SA,5572.0
laverna@hotmail.com,Isabelle,Hall,8726 Barrows Summit,AVELEY,WA,6069.0,3744 Emma View Rd,AVELEY,WA,6069.0
deedra@yahoo.com,Audrey,Nader,217 Mason Square,AVONDALE HEIGHTS,VIC,3034.0,64 Thomas View Rd,ADELAIDE LEAD,VIC,3465.0
shantell@gmail.com,Oscar,Brown,995 Ernser Loop,ASHFORD,NSW,2361.0,915 Chase Junction,ADELONG,NSW,2729.0
theron@yahoo.com,Chase,Marks,618 Corwin Estate Dr,APPIN,VIC,3579.0,6953 Kovacek Estate Dr,ALLYNBROOK,NSW,2311.0
neomi.prosacco@gmail.com,Anna,Grady,251 O'conner Summit,ANTILL PONDS,TAS,7120.0,9675 Klein Circle,AUBURN,SA,5451.0
malorie@gmail.com,Benjamin,Schultz,326 Mitchell Manor,ANKETELL,WA,6167.0,4242 Finn Grove,AMHERST,VIC,3371.0
anthony@yahoo.com,Samuel,Macdonald,192 Jordan Trail,ALICE,NSW,2469.0,7427 Sauer Summit,AVONMORE,VIC,3559.0
phung@hotmail.com,Ryan,Kunde,99 Mitchell Court,ARRAWARRA,NSW,2456.0,56 Gabriel Grove,ANNADALE,SA,5356.0
vonda@gmail.com,Sofia,Thomas,437 Connor Drive,ALLORA,QLD,4362.0,64 Imogen Boulevard,ARTHURS CREEK,VIC,3099.0
lynsey_shanahan@hotmail.com,Chloe,O'hara,92 Taylor Circuit,ARDROSSAN,SA,5571.0,916 Jackson Hill,AMPILATWATJA,NT,872.0
christopher.daugherty@hotmail.com,Levi,Gleason,2360 Dickens Loop,ACTON,ACT,2601.0,482 Patrick Place,ACTON,ACT,2601.0
randolph@yahoo.com,Violet,Goldner,49 Owen Crescent,AVELEY,WA,6069.0,76 Aiden Place,ANABRANCH NORTH,NSW,2648.0
fritz_hauck@yahoo.com,Owen,Casper,8828 Elijah Meadow,AFTERLEE,NSW,2474.0,9801 Casper Grove,ARANBANGA,QLD,4625.0
elias.mills@gmail.com,Ellie,Howell,4006 Cruickshank Mall,ARABLE,NSW,2630.0,29 Stanton Drive,AMAROO,ACT,2914.0
danial@hotmail.com,Logan,Leffler,55 Doherty Loop,EAST EVIEBURY,NT,3050.0,622 Goodwin Island,WILSONFURT,VIC,9202.0
pearlene.gusikowski@gmail.com,Amelie,Carter,917 Green Run,ANNANDALE,QLD,4814.0,836 Lilly Plaza,ANABRANCH NORTH,NSW,2648.0
alycia@yahoo.com,Ashley,Jacobi,9614 Charli Trail,ADAMS ESTATE,VIC,3984.0,394 Fisher Hill,ARRINO,WA,6519.0
rocco.tremblay@gmail.com,Stella,Tremblay,78 Cooper Circuit,ALISON,NSW,2259.0,2228 Hyatt Circuit,ALFRED COVE,WA,6154.0
juliann.feeney@hotmail.com,Mason,Morissette,176 Cormier Drive,ALBERT,NSW,2873.0,11 Lily Circuit,ALBANY,WA,6330.0
mertie.runolfsdottir@yahoo.com,Gemma,James,590 Sebastian Trail,ADVENTURE BAY,TAS,7150.0,84 Aidan Knoll,ANGURUGU,NT,822.0
dale@gmail.com,Alyssa,Rowe,2338 Beau Knoll,AVENELL HEIGHTS,QLD,4670.0,99 Scarlett Court,ABERDEEN,NSW,2336.0
elisha@gmail.com,Lachlan,Hartmann,29 Haley Lane,ARAMAC,QLD,4726.0,95 Quigley Ridge,ADVENTURE BAY,TAS,7150.0
hosea.swift@yahoo.com,John,Kessler,1841 Clarke Plaza,ABBEYARD,VIC,3737.0,6567 Williams Station St,ARMADALE,VIC,3143.0
cherly@hotmail.com,Lachlan,Fadel,678 Declan Summit,ARCADIA SOUTH,VIC,3631.0,3052 Joel Hill,AGNES WATER,QLD,4677.0
eusebio.raynor@yahoo.com,Jayden,Hand,5651 Abby Road,ARCHER,NT,830.0,96 Zara Crest,ARUNDEL,QLD,4214.0
joey@yahoo.com,Lucas,Larson,466 Wright Square,ADARE,QLD,4343.0,63 Mills Station St,AVELEY,WA,6069.0
kenny@yahoo.com,Ruby,Hoppe,293 Isaac Summit,ABERFELDY,VIC,3825.0,84 Edwards Island,ANGOURIE,NSW,2464.0
cyndy@hotmail.com,Alana,Lynch,34 Erdman Drive,ANGAS VALLEY,SA,5238.0,378 Lang Station St,ALEXANDRA BRIDGE,WA,6288.0
casandra_mccullough@yahoo.com,Kayla,Dietrich,52 Monahan Island,ABBA RIVER,WA,6280.0,824 Holly Circle,ALISON,NSW,2259.0
marylouise_wilderman@yahoo.com,Elizabeth,Walker,8573 Zara Way,ALMONDS,VIC,3727.0,1382 Johnson Island,ANATYE,NT,872.0
maria@yahoo.com,Lincoln,Marvin,714 Richards Track,AMATA,SA,872.0,625 Sienna Way,AUSTRAL EDEN,NSW,2440.0
hershel@yahoo.com,Patrick,Mclaughlin,1737 Jacobs Mews,ARBOUIN,QLD,4892.0,3420 Finn Pass,ALABAMA HILL,QLD,4820.0
sung.olson@hotmail.com,Zac,Armstrong,629 Thompson Road,ARRAWARRA,NSW,2456.0,7824 Angelina Court,ALBINIA,QLD,4722.0
alton@yahoo.com,Piper,King,31 Caleb Island,WEST SOPHIE,NSW,1647.0,828 O'keefe Court,MADELINEBURGH,ACT,1861.0
lenny.rohan@hotmail.com,Archie,Bartell,8848 Cameron Mall,MITCHELLCHESTER,WA,9482.0,6930 Eva Way,EAST CALLUMSTAD,SA,5516.0
nicholas@yahoo.com,Cameron,Heaney,159 Emma Summit,ABERCROMBIE,NSW,2795.0,6519 Mckenzie View Rd,ASHWOOD,VIC,3147.0
nathan@hotmail.com,Hamish,Khan,1843 Sophie Street,ALICE,NSW,2469.0,4585 Koelpin Hill,ARKELL,NSW,2795.0
concepcion@yahoo.com,Amy,Kreiger,12 Clarke Circle,ARTHURS LAKE,TAS,7030.0,6457 Thompson Estate Dr,ALBANY CREEK,QLD,4035.0
adrian@hotmail.com,Joseph,Hughes,6133 Spencer Track,ARNOLD,NT,852.0,6973 Bella Mall,AARONS PASS,NSW,2850.0
margarito.sporer@gmail.com,Isabella,Fay,191 Emily Boulevard,ASHFORD,SA,5035.0,570 Zoe Square,ARDROSSAN,SA,5571.0
keenan@yahoo.com,Sienna,Cassin,458 Jackson View Rd,ARRINO,WA,6519.0,21 Rose Manor,ALLANOOKA,WA,6525.0
malik@gmail.com,Mia,Erdman,44 Skye Way,AIRVILLE,QLD,4807.0,758 Ashley Crescent,ALBERT PARK,SA,5014.0
somer@yahoo.com,Sam,Bode,2220 Noah Terrace,ARTARMON,NSW,2064.0,1607 Keeling Crest,ARTHURS CREEK,VIC,3099.0
katelin.kutch@yahoo.com,Sebastian,Dooley,11 Jessica Island,ARKELL,NSW,2795.0,778 Thomas Plaza,AUBURN,QLD,4413.0
verlie@yahoo.com,Isla,Keeling,22 David Trail,AIRDS,NSW,2560.0,746 Samantha Crescent,ARIAH PARK,NSW,2665.0
coy_dare@gmail.com,Abby,Rees,1684 Ashley Meadow,ALLENDALE NORTH,SA,5373.0,298 Madison Ridge,AUSTINS FERRY,TAS,7011.0
patrick@gmail.com,Hamish,Armstrong,556 Fahey Grove,ARKELL,NSW,2795.0,2719 Callum Boulevard,ARALUEN,NSW,2622.0
tad@yahoo.com,Imogen,Roberts,31 Zac Island,AWABA,NSW,2283.0,9230 Keeling Drive,ALLGOMERA,NSW,2441.0
lajuana@yahoo.com,Lilly,Bruen,354 Dietrich Place,AVON,SA,5501.0,47 Sebastian Ridge,AUSTRALIND,WA,6233.0
jane@gmail.com,Matilda,Grady,47 Kayla Circle,WEST CHELSEA,QLD,8833.0,50 Feil Loop,NORTH EVE,VIC,4551.0
gilbert@hotmail.com,Ashton,Kohler,222 Hahn Road,ARGOON,QLD,4702.0,26 Jesse Avenue,APSLEY,TAS,7030.0
nicholas_funk@gmail.com,Kai,Daniel,4354 Turcotte Place,ANNANDALE,QLD,4814.0,8450 Oscar Run,AVONDALE,QLD,4670.0
karan@hotmail.com,Joshua,Mckenzie,403 Xavier Court,AVENEL,VIC,3664.0,5563 Harber Station St,ARMSTRONG CREEK,VIC,3217.0
retta@gmail.com,Angus,Dickens,536 Paige Crescent,ANDERLEIGH,QLD,4570.0,942 Stella Grove,ARCHER RIVER,QLD,4892.0
asa.parker@gmail.com,Jayden,Rolfson,19 Kai Place,ANINDILYAKWA,NT,822.0,822 Abigail Drive,ADELAIDE PARK,QLD,4703.0
kandis@hotmail.com,Heidi,O'reilly,133 Maya Way,ALBINIA,QLD,4722.0,243 Fisher Run,ARMATREE,NSW,2828.0
alexander_cummerata@gmail.com,Madison,Green,8257 Michael Summit,ARANBANGA,QLD,4625.0,58 Larson Island,ARRAWARRA,NSW,2456.0
anastasia.walter@hotmail.com,Imogen,Wilkinson,749 Andrew Road,AVENUE RANGE,SA,5273.0,992 Watson Island,ALONNAH,TAS,7150.0
benny_buckridge@yahoo.com,Max,Hill,3359 Ethan Parkway,D'AMOREBERG,SA,6861.0,60 Heller Hill,SOUTH ANNABELLESTAD,NT,3480.0
elbert.carroll@gmail.com,Bella,Durgan,839 Kayla Grove,AMAROO,ACT,2914.0,3800 Mia Way,ARTHURS SEAT,VIC,3936.0
randall@hotmail.com,Benjamin,Little,162 Nguyen Grove,AMATA,SA,872.0,53 Jasper Knoll,ALYANGULA,NT,885.0
nakisha_jenkins@gmail.com,Mia,Owen,292 Kai Mews,ABBOTSHAM,TAS,7315.0,360 Morgan Crescent,ARAKOON,NSW,2431.0
audrea@hotmail.com,Anthony,O'hara,76 Grace Circle,ASHVILLE,SA,5259.0,60 Leo Way,ANNERLEY,QLD,4103.0
macie@hotmail.com,Jessica,Armstrong,7960 Leannon Island,ARTHURVILLE,NSW,2820.0,75 Declan Grove,ARROWSMITH,WA,6525.0
roosevelt_keler@yahoo.com,Charlotte,Mueller,48 Adams Plaza,AUBIGNY,QLD,4401.0,58 Conroy Street,ALICE CREEK,QLD,4610.0
nicholle@yahoo.com,Benjamin,Phillips,14 Stokes Plaza,ASHWELL,QLD,4340.0,17 Wood Mall,ALLANDALE,QLD,4310.0
kacy.swaniawski@hotmail.com,Darcy,Carroll,25 West Lane,ARANDA,ACT,2614.0,62 Luca Court,ADA,VIC,3833.0
mack@yahoo.com,Lara,Kunde,31 Isabella Estate Dr,AUBURN VALE,NSW,2360.0,24 Klein Knoll,ALBANVALE,VIC,3021.0
georgina@yahoo.com,Georgia,Bergstrom,423 Eva Meadow,ANGLE PARK,SA,5010.0,69 Alyssa Lane,APSLEY,TAS,7030.0
terrence.kris@hotmail.com,Paige,Alexander,7259 Patrick Grove,ASHMORE,QLD,4214.0,169 Sophia Boulevard,ATHELSTONE,SA,5076.0
jami_halvorson@yahoo.com,John,Christiansen,5466 Layla Loop,AMELUP,WA,6338.0,3155 Charlotte Hill,ALICE,NSW,2469.0
fritz@yahoo.com,Lillian,Harber,9720 Mcdermott Mall,ALLENDALE NORTH,SA,5373.0,879 Stewart Mall,ADAVALE,QLD,4474.0
tonette_wilkinson@yahoo.com,Poppy,Beatty,99 Justin Circle,ALTONA,VIC,3018.0,5530 Thomson Estate Dr,ASHMORE,QLD,4214.0
jewel.walter@yahoo.com,Willow,Haley,555 Grace Drive,ALSTONVILLE,NSW,2477.0,90 Matthew Circle,ADAMINABY,NSW,2629.0
trinidad.ohara@yahoo.com,Eliza,Tromp,271 Tyler Loop,DARCYTOWN,ACT,2821.0,539 Cody Pass,LAKE LIAMBOROUGH,WA,6498.0
darwin.ernser@hotmail.com,Tyler,Grimes,789 Dickens Junction,ABBEYARD,VIC,3737.0,826 Becker Place,ALFRED COVE,WA,6154.0
vernon_will@yahoo.com,Charli,Rodriguez,31 Oscar Lane,AVELEY,WA,6069.0,386 Ward Boulevard,ALBION,QLD,4010.0
ashley@yahoo.com,Joseph,Lee,50 Lola Drive,ANTECHAMBER BAY,SA,5222.0,1882 Chloe Hill,ASPENDALE GARDENS,VIC,3195.0
haan@gmail.com,Grace,Hamilton,82 Jacobi Estate Dr,ALLAN,QLD,4370.0,72 Dylan Parkway,AVONSLEIGH,VIC,3782.0
wilber@hotmail.com,Andrew,Mason,7193 Stokes View Rd,ARATULA,NSW,2714.0,687 James Ridge,ALUMY CREEK,NSW,2460.0
gail@yahoo.com,Callum,Clarke,36 Hunter Avenue,AITKENVALE,QLD,4814.0,118 Borer Loop,ALSACE,QLD,4702.0
gayle_hudson@hotmail.com,Ruby,Jacobs,9691 Isaac Ridge,ALBERTON,SA,5014.0,7944 West Ridge,ANGLESEA,VIC,3230.0
marla@hotmail.com,Mitchell,Rose,1730 Clark Manor,ALCOMIE,TAS,7330.0,52 Eve Court,ALDINGA,SA,5173.0
mendy.wilkinson@hotmail.com,Anthony,Nolan,548 West Ridge,ALTONA NORTH,VIC,3025.0,67 Edwards Boulevard,ARNOLD,VIC,3551.0
antoinette@gmail.com,Levi,Cronin,36 O'keefe Knoll,ANGLERS REACH,NSW,2629.0,87 Holly Run,ARCADIA VALE,NSW,2283.0
myrtis@gmail.com,Christian,Dooley,1558 Wilderman Mall,ALISON,NSW,2259.0,3502 Conroy Loop,ALLANOOKA,WA,6525.0
lucy@yahoo.com,Finn,Rowe,73 Heller Knoll,AMAROO,ACT,2914.0,59 Jake Junction,ARGOON,QLD,4702.0
hermila@gmail.com,Poppy,Kiehn,684 Harrison Pass,NICHOLASVIEW,TAS,7895.0,4108 Swift Meadow,NEW SKYEFURT,TAS,8442.0
willis.swaniawski@gmail.com,Charlie,Anderson,63 Violet Terrace,ADAMSVALE,WA,6375.0,32 Alexandra Loop,ALICE CREEK,QLD,4610.0
milan_damore@yahoo.com,Savannah,Nader,9323 Amy Plaza,AGNES,VIC,3962.0,2377 Amelia Track,AVOCA BEACH,NSW,2251.0
roscoe@gmail.com,Victoria,Russel,7613 Amber Manor,ATHOL PARK,SA,5012.0,53 Toby Hill,ALBERTA,QLD,4702.0
elenore.roberts@gmail.com,Caleb,Hall,2038 Huel Mall,ARALUEN,QLD,4570.0,601 Rose Meadow,ARROWSMITH,WA,6525.0
hubert_lebsack@yahoo.com,Amelia,Thomas,9802 Hayes Plaza,ABERDEEN,TAS,7310.0,65 Glover Square,AVOCA,VIC,3467.0
jeromy@hotmail.com,Lauren,Hermann,541 O'reilly Loop,ARAWATA,VIC,3951.0,52 Kuhn Ridge,APPLETHORPE,QLD,4378.0
huey_rolfson@hotmail.com,Joel,Tillman,43 Caitlin Manor,ASHWOOD,VIC,3147.0,319 Rodriguez Mall,ARTARMON,NSW,2064.0
jc.treutel@yahoo.com,Jade,Schroeder,52 Isabella Terrace,AIRDS,NSW,2560.0,60 Gutmann Junction,AMBER,QLD,4871.0
kayla@gmail.com,Charli,Beier,53 Lola Crescent,ARCADIA VALE,NSW,2283.0,8008 Howell Mall,ADAMSTOWN HEIGHTS,NSW,2289.0
wilburn@yahoo.com,Gemma,Ernser,19 Rohan Lane,ADVANCETOWN,QLD,4211.0,699 Ella Hill,ALAWOONA,SA,5311.0
kirby@gmail.com,Hugo,Champlin,45 Jackson Lane,AMOSFIELD,NSW,4380.0,2122 Evie Way,AUSTRAL,NSW,2179.0
efrain@gmail.com,Stephanie,Bruen,530 Rose Track,WEBERBERG,WA,5568.0,9541 Kemmer Plaza,LEEFORT,WA,9708.0
ciara@yahoo.com,Alice,Johnson,3921 Jade Manor,ALFRED COVE,WA,6154.0,17 Ella Mall,ANSONS BAY,TAS,7264.0
foster_walker@hotmail.com,Eve,Lee,3802 Cormier Mews,CHARLIMOUTH,VIC,4546.0,8575 Rolfson Pass,CHARLIEMOUTH,SA,1972.0
roxana@yahoo.com,Tahlia,Feil,811 Moss Knoll,XAVIERSTAD,ACT,2354.0,7833 Maya Summit,EAST CALEB,SA,7552.0
quintin@yahoo.com,Alexandra,Mitchell,45 Young Pass,LOLABURGH,WA,3251.0,4303 Barrows Trail,LAKE ALEXANDER,SA,6242.0
malia.murazik@gmail.com,Oliver,Hermiston,8851 Hermiston Mews,ASHTONFIELD,NSW,2323.0,84 Alexander Street,AVON PLAINS,VIC,3477.0
irvin_hintz@hotmail.com,Lucas,Welch,135 Jayden Junction,NORTH ELIJAH,NSW,3362.0,2585 Matilda Square,GEORGIALAND,NSW,2348.0
milford@gmail.com,Mia,Schroeder,160 Turner Boulevard,ANNANDALE,NSW,2038.0,882 Christopher Lane,ASHWELL,QLD,4340.0
jamal_ward@gmail.com,William,Stark,54 Isaac Knoll,AEROGLEN,QLD,4870.0,45 Eve Plaza,ALEXANDRA,VIC,3714.0
demarcus_mraz@yahoo.com,Finn,Stanton,66 Elizabeth Court,ACHERON,VIC,3714.0,72 Griffiths Island,ABINGDON DOWNS,QLD,4892.0
erick@yahoo.com,Tahlia,Hermann,671 Rose Manor,AVOCA,TAS,7213.0,97 Jenkins Estate Dr,ARNOLD,VIC,3551.0
norris_howell@gmail.com,Taylor,Baumbach,6893 Hermiston Pass,ALDAVILLA,NSW,2440.0,6429 Nicholas Track,ABBOTSFORD,VIC,3067.0
leone@hotmail.com,Jasper,Jacobi,7559 Dooley Junction,ALLENSTOWN,QLD,4700.0,6932 Victoria Drive,ANTECHAMBER BAY,SA,5222.0
dennise.bernier@yahoo.com,Maya,Monahan,737 Brown Knoll,ALDERLEY,QLD,4051.0,9634 Beau View Rd,ARDING,NSW,2358.0
justin@yahoo.com,Joel,Mccullough,3408 David Road,ARNDELL PARK,NSW,2148.0,8132 Price Avenue,ANDREWS,SA,5454.0
adolph@yahoo.com,Stephanie,Lowe,4444 Bruen Square,ARUNDEL,QLD,4214.0,992 Ashley Road,ADELAIDE,SA,5000.0
branden@yahoo.com,Finn,Mason,21 Addison Plaza,JETTVILLE,ACT,2239.0,4678 Clark Station St,TOBYFURT,NT,1972.0
shayne@yahoo.com,Maya,Leannon,42 Adam Station St,ALKIMOS,WA,6038.0,766 David Track,ABERDARE,NSW,2325.0
otto.walter@gmail.com,Christopher,Schultz,43 Charles Terrace,ANDAMOOKA STATION,SA,5719.0,2425 Beau Boulevard,ALLANS FLAT,VIC,3691.0
versie@hotmail.com,Mitchell,Owen,8407 Patel Circle,AROONA,QLD,4551.0,4370 Leannon Manor,ANNA BAY,NSW,2316.0
jefferson_effertz@yahoo.com,Matthew,Reid,3722 Mayer Run,ADVANCETOWN,QLD,4211.0,88 Zachary Ridge,ARMSTRONG CREEK,VIC,3217.0
val@yahoo.com,Finn,Jerde,5776 Farrell Junction,AIRVILLE,QLD,4807.0,180 Graham Summit,ARKSTONE,NSW,2795.0
salvador.schuppe@gmail.com,Samuel,Nicolas,63 Luke Run,ARCTURUS,QLD,4722.0,767 Patel Way,ARCTURUS,QLD,4722.0
tera.stehr@gmail.com,Holly,Hettinger,2404 Sauer View Rd,ATKINSONS DAM,QLD,4311.0,2741 Anna Meadow,AUBREY,VIC,3393.0
frederick_kuhic@yahoo.com,Joshua,Hermann,513 Lucy Meadow,ALLANDALE,QLD,4310.0,89 Abigail Lane,ACTON,TAS,7320.0
illa@gmail.com,Eva,Schroeder,94 Owen Pass,ALICE SPRINGS,NT,870.0,727 Hahn View Rd,ARGALONG,NSW,2720.0
allie_collier@hotmail.com,Lilly,Clarke,45 Alexander Crescent,ACHERON,VIC,3714.0,109 Mikayla Way,ABERDARE,NSW,2325.0
bill_blanda@gmail.com,Nate,Hettinger,668 Thomas Place,ANDROMACHE,QLD,4800.0,780 Elizabeth Place,AMAROO,ACT,2914.0
jewel@gmail.com,Christopher,Mayer,8908 Tillman Grove,ALISON,NSW,2420.0,265 Davies Manor,AYR,QLD,4807.0
delorse.reilly@hotmail.com,Eliza,Klein,34 Conroy Place,ALMA,VIC,3465.0,96 Sarah Station St,ASHBY,WA,6065.0
dominic@yahoo.com,Angelina,Bartoletti,80 Hickle Court,AMATA,SA,872.0,952 Alana Knoll,ARMSTRONG,VIC,3377.0
josef.shanahan@gmail.com,Leah,Tillman,804 Hessel Track,ALBION,QLD,4822.0,3707 Nate Crescent,ALICE,NSW,2469.0
antone@hotmail.com,Scarlett,Williamson,18 Dylan Summit,ATHOL PARK,SA,5012.0,284 Mccullough Trail,ABBOTSBURY,NSW,2176.0
claude.lubowitz@hotmail.com,Lilly,Shields,12 Hill Plaza,AMBLESIDE,TAS,7310.0,6197 Mckenzie Plaza,ARTHURS LAKE,TAS,7030.0
emmy.reilly@hotmail.com,Amelia,Hahn,167 Violet Pass,AREYONGA,NT,872.0,330 Tillman Run,ASHBY HEIGHTS,NSW,2463.0
paulina@gmail.com,James,Russel,49 Marks Track,ALBURY,NSW,2640.0,5270 Becker Summit,ABERCROMBIE RIVER,NSW,2795.0
madelyn@hotmail.com,Connor,Ferry,58 Addison Court,ARTHURTON,SA,5572.0,877 Joseph Plaza,AYLMERTON,NSW,2575.0
cher@yahoo.com,Jasper,Haley,19 Elizabeth Island,AMPHITHEATRE,VIC,3468.0,3038 Towne Mews,ARAWATA,VIC,3951.0
bettye_powlowski@gmail.com,Ellie,O'reilly,25 Rolfson Parkway,ATWELL,WA,6164.0,8403 Hamish Island,ASHFIELD,NSW,2131.0
lia.green@gmail.com,Layla,Champlin,607 Sophia Crescent,ANNANGROVE,NSW,2156.0,70 Hall Parkway,ALBION PARK RAIL,NSW,2527.0
jamal@hotmail.com,Max,Little,3798 Gleason Mall,ANDERLEIGH,QLD,4570.0,57 Owen Boulevard,ASHMONT,NSW,2650.0
jay.thiel@gmail.com,Sarah,Harris,912 Walter Court,ASCOT,VIC,3551.0,837 O'reilly Knoll,ATWELL,WA,6164.0
mitsue@yahoo.com,Elizabeth,Hansen,73 Feeney Parkway,AIRLIE BEACH,QLD,4802.0,86 Claire Circle,ARCOONA,SA,5720.0
bobby@hotmail.com,Maddison,Ross,6851 Mclaughlin View Rd,ALEXANDRA HEADLAND,QLD,4572.0,8250 Mitchell Mall,ARMSTRONG,VIC,3377.0
deandrea@hotmail.com,Leah,Connelly,96 Natalie Plaza,AVOCA,TAS,7213.0,3409 Mueller Trail,ASHWELL,QLD,4340.0
petronila.watsica@yahoo.com,Lara,Rolfson,816 Ella Estate Dr,ABBOTSBURY,NSW,2176.0,750 Fay Circuit,AFTERLEE,NSW,2474.0
gertude.daniel@hotmail.com,Isabelle,Mason,338 Jacobi Manor,AVOCA,VIC,3467.0,181 Zoe Lane,APPLE TREE CREEK,QLD,4660.0
cherryl@hotmail.com,Jacob,Stewart,84 Toby Mews,AINSLIE,ACT,2602.0,910 Glover Street,ANGAS VALLEY,SA,5238.0
emelina@yahoo.com,Riley,Casper,8381 Daniel Square,ALEXANDRA,VIC,3714.0,854 Heidi Way,ALBERTA,QLD,4702.0
shae.buckridge@hotmail.com,Alex,Kohler,14 Zara Mall,ALBERT PARK,VIC,3206.0,1580 Doyle Trail,ARATULA,QLD,4309.0
adelina@hotmail.com,Taylor,O'connell,36 Cox Road,ACHERON,VIC,3714.0,7693 Brown Lane,ARMSTRONG BEACH,QLD,4737.0
chase_lakin@yahoo.com,Ryan,Greenholt,259 Isabelle Pass,ALEXANDRA,VIC,3714.0,35 Chase Boulevard,ALLENDALE EAST,SA,5291.0
rufina_cremin@hotmail.com,Jack,Kessler,913 Nate Track,ASHGROVE,QLD,4060.0,82 Schmitt Trail,AMHERST,VIC,3371.0
jewell@yahoo.com,Angelina,Borer,519 Griffiths Parade,ALABAMA HILL,QLD,4820.0,76 Mitchell Boulevard,ANANGU PITJANTJATJARA YANKUNYTJATJARA,SA,872.0
jamie@hotmail.com,Lily,Cole,255 Bahringer Knoll,ALTONA,SA,5351.0,315 Harry Station St,ARTHURTON,SA,5572.0
ro@gmail.com,Leah,Lowe,359 Bergstrom Loop,ACTON PARK,TAS,7170.0,718 Erdman Track,ACTON,TAS,7320.0
chasity_johnson@hotmail.com,Ella,Thompson,56 Harris Avenue,ALPURRURULAM,NT,4825.0,5587 Jerde Crest,AVON,SA,5501.0
debra.schneider@yahoo.com,Levi,Watson,9789 Callum Manor,ARDROSS,WA,6153.0,5054 Amelia Parade,AUGATHELLA,QLD,4477.0
delores.kuhn@yahoo.com,Christopher,Emard,29 Jack Plaza,ACLAND,QLD,4401.0,4608 Lincoln View Rd,ANAMBAH,NSW,2320.0
hans.baumbach@hotmail.com,Addison,Williams,2878 Kemmer Circuit,AUBURN VALE,NSW,2360.0,36 Hamish View Rd,ALONNAH,TAS,7150.0
maranda@gmail.com,Angus,Watson,223 Morissette Parade,ATITJERE,NT,872.0,121 Hayden Ridge,ARCADIA,QLD,4819.0
palma@gmail.com,Ryan,Koelpin,9534 Jett Station St,ANDREWS,SA,5454.0,98 Ella Manor,ADA,VIC,3833.0
robbin.baumbach@gmail.com,Eliza,Bartell,830 Robertson Pass,AUSTINVILLE,QLD,4213.0,696 Adams Plaza,ALBERTON,VIC,3971.0
julio@hotmail.com,Benjamin,Dooley,42 Tyler Road,AUBIN GROVE,WA,6164.0,85 Kohler Street,AITKENVALE,QLD,4814.0
ira.paucek@gmail.com,Sophie,Kovacek,6418 Emma Lane,ASHWOOD,VIC,3147.0,9127 Borer Parkway,AUGUSTA,WA,6290.0
tanika@yahoo.com,Charles,Hickle,50 Gutmann Road,MITCHELLHAVEN,VIC,2400.0,787 Hessel Summit,ELIZABETHFORT,TAS,6365.0
elisha@hotmail.com,Taylor,Erdman,6309 Charli Manor,ASHBY HEIGHTS,NSW,2463.0,1426 Alana Knoll,ANGLEDALE,NSW,2550.0
giovanni@yahoo.com,Claire,Patel,904 Addison Hill,ARKAROOLA VILLAGE,SA,5732.0,71 Lockman Mews,ARMSTRONG BEACH,QLD,4737.0
bryon@yahoo.com,Abby,Khan,80 Abbey Pass,ALTONA,VIC,3018.0,48 Amber Station St,ANTILL PONDS,TAS,7120.0
brandon@gmail.com,Jasper,Green,7135 Smith Run,ALBION,QLD,4010.0,57 Doyle Plaza,ANNIEBROOK,WA,6280.0
woodrow.fadel@hotmail.com,Kayla,Goodwin,18 Walsh Place,NORTH HARRY,ACT,4807.0,6824 Martin Avenue,NGUYENTOWN,NT,2979.0
terry_macejkovic@gmail.com,Kai,Johnson,37 David Knoll,ALONNAH,TAS,7150.0,97 Eliza Hill,ALBERT PARK,VIC,3206.0
dorthey@yahoo.com,Mitchell,James,5660 Piper Drive,NEW XAVIER,NSW,6312.0,429 Hoppe Island,WEST ZARAPORT,NSW,7046.0
jacque_haag@gmail.com,Hamish,Mccullough,588 Greenfelder Drive,ALLAMBIE HEIGHTS,NSW,2100.0,713 Phillips Hill,ARAWATA,VIC,3951.0
leandro.stroman@yahoo.com,Anthony,Schneider,200 White Pass,ALICE,NSW,2469.0,907 Fisher Trail,ANGOURIE,NSW,2464.0
mickey.mclaughlin@hotmail.com,Madeline,Quinn,7869 Rowe Plaza,AYLMERTON,NSW,2575.0,218 Alexander Circuit,ARGOON,QLD,4702.0
cathy_hahn@yahoo.com,Holly,Kovacek,8136 Callum Avenue,AVONSIDE,NSW,2628.0,890 Tyler Manor,ANDREWS FARM,SA,5114.0
helaine@yahoo.com,Abigail,Baumbach,1252 Jasper Street,AVONMORE,VIC,3559.0,75 Samantha Knoll,ASHBY,WA,6065.0
isadora.powlowski@yahoo.com,Lucas,Hessel,71 Ryan Circuit,ABERFOYLE PARK,SA,5159.0,657 Erdman Island,ALBERTA,QLD,4702.0
emory_koepp@hotmail.com,Jack,Hettinger,799 Durgan Loop,AVALON,VIC,3212.0,6754 Feeney Grove,ALTONA NORTH,VIC,3025.0
gloria@hotmail.com,John,Koss,92 Moore Trail,AIRE VALLEY,VIC,3237.0,4468 Smitham Parade,ANGLEDALE,NSW,2550.0
cristopher@yahoo.com,Alana,Schmitt,492 Smith Grove,ALSTONVALE,NSW,2477.0,9424 Cody Square,ANGASTON,SA,5353.0
rolland.crona@hotmail.com,Amelia,Welch,87 Farrell Way,AJANA,WA,6532.0,65 Fahey Trail,ARGENTS HILL,NSW,2449.0
teresia@yahoo.com,Amelie,Grant,3146 Howell Mall,ABBOTSBURY,NSW,2176.0,65 Matthew Estate Dr,ANEMBO,NSW,2621.0
janetta.keebler@gmail.com,Benjamin,Heller,528 Quigley Track,ANSTEAD,QLD,4070.0,4392 Mccullough Ridge,AMBERLEY,QLD,4306.0
judson@yahoo.com,Joshua,Howe,122 Joshua Manor,SOUTH ABBEYBURGH,SA,2395.0,1724 Smyth Road,EAST SIENNA,NSW,7581.0
george@gmail.com,Emily,Green,109 Walsh Manor,ALTONA NORTH,VIC,3025.0,951 Muller Place,ALBION PARK,NSW,2527.0
denny_gibson@hotmail.com,Riley,Johns,3976 Koelpin Trail,ASHWELL,QLD,4340.0,1032 Boyer Summit,AMELUP,WA,6338.0
shanel.mcglynn@hotmail.com,Aaron,Grant,756 Oliver Terrace,AVOCA BEACH,NSW,2251.0,6801 Daniel Crescent,ARKAROOLA VILLAGE,SA,5732.0
collene.boyle@gmail.com,Elizabeth,Swift,4376 Liam Crest,ALVIE,VIC,3249.0,9555 Hayley Loop,ANANGU PITJANTJATJARA YANKUNYTJATJARA,SA,872.0
rodney@yahoo.com,Claire,Garden,89 Ebert Mews,AXE CREEK,VIC,3551.0,26 George Parade,ALPINE,NSW,2575.0
angelia@yahoo.com,Tyler,Little,5667 Rohan Parade,WILLIAMSSTAD,ACT,4694.0,4759 Rolfson Square,ANNASTAD,QLD,9732.0
palmer_ankunding@gmail.com,Daniel,Gleason,84 Jasmine Circle,AUSTRALIND,WA,6233.0,445 Emily View Rd,ASCOT PARK,SA,5043.0
fairy.morar@gmail.com,Andrew,Langworth,425 Harry Summit,APPLETHORPE,QLD,4378.0,42 Rodriguez Circle,ALLAN,QLD,4370.0
elton@gmail.com,Marcus,Grady,12 Wilderman Circuit,AVALON,VIC,3212.0,820 Michael Loop,ATTUNGA,NSW,2345.0
shonta_wehner@yahoo.com,David,Heaney,8830 Jordan Run,ASHWELL,QLD,4340.0,2334 Kiara Plaza,ANDAMOOKA,SA,5722.0
geoffrey.boyer@gmail.com,Kayla,Leannon,26 Hamilton Way,ARCADIA,NSW,2159.0,3589 Ashley Crescent,ARCHER RIVER,QLD,4892.0
javier_cremin@yahoo.com,Isla,Mclaughlin,68 Lang Island,ACACIA CREEK,NSW,2476.0,13 Layla Summit,ASHFIELD,NSW,2131.0
carol@gmail.com,Isaac,Lowe,47 Mayer Meadow,ALICE SPRINGS,NT,870.0,619 Tahlia Station St,ARAMAC,QLD,4726.0
lashandra@yahoo.com,George,Klein,4029 Harris Lane,ARMATREE,NSW,2828.0,339 Abbey Hill,AMAROO,ACT,2914.0
rachal_legros@yahoo.com,Emily,Lockman,55 Angelina Avenue,EAST ZOE,SA,1928.0,324 Barrows Trail,PATERSONSTAD,VIC,2999.0
angla.schaden@yahoo.com,Lilly,Goodwin,5475 Watson Place,ALLANS FLAT,VIC,3691.0,1622 Tremblay Crest,ANCONA,VIC,3715.0
jan_kaulke@hotmail.com,Isla,Connelly,490 Lachlan Meadow,ABERCROMBIE,NSW,2795.0,3101 Joshua Island,ALDERSYDE,WA,6306.0
autumn.keeling@yahoo.com,Eve,Mcdermott,9974 Ryan Mall,ARRIGA,QLD,4880.0,636 Leo Crescent,ALEXANDRA,QLD,4740.0
micah_howell@hotmail.com,James,Monahan,15 Phoenix Place,ANNADALE,SA,5356.0,5474 Michael Road,ATTUNGA,NSW,2345.0
rashad.von@hotmail.com,Harrison,Phillips,4160 Olson Summit,ALICE,NSW,2469.0,346 Max Crescent,ALBERT PARK,VIC,3206.0
luis@hotmail.com,Edward,Rowe,2891 Greenfelder Parade,ARMATREE,NSW,2828.0,46 Hermann Circle,ALLANDALE,NSW,2320.0
polly_stark@hotmail.com,Amy,Wolf,4474 Davies Circle,ABERCROMBIE RIVER,NSW,2795.0,56 Lee Parade,ANDROMACHE,QLD,4800.0
sharyl@gmail.com,Max,Jacobson,3975 Joel Square,ABINGDON DOWNS,QLD,4892.0,2948 Max Place,ARTHURS LAKE,TAS,7030.0
jay@gmail.com,Charlie,Hansen,53 Zoe Pass,ADVENTURE BAY,TAS,7150.0,6432 Archie Place,ALBION,QLD,4010.0
meagan.shields@yahoo.com,Charles,Ferry,406 Jasmine Island,ALBANVALE,VIC,3021.0,3990 Mckenzie Grove,APPIN,VIC,3579.0
lonny@yahoo.com,Andrew,Leffler,5944 Campbell View Rd,ALPHINGTON,VIC,3078.0,1940 Ward Place,ALBION,VIC,3020.0
frances@gmail.com,Luke,Smitham,3114 Fisher Circuit,ALEXANDER HEIGHTS,WA,6064.0,54 Rice Meadow,ALFREDTON,VIC,3350.0
delmar.oconner@yahoo.com,Stella,Collier,2466 Goodwin Crescent,AVOCA,QLD,4670.0,43 Toby Trail,ALSTONVALE,NSW,2477.0
yetta.upton@yahoo.com,Isabel,Doyle,6681 Mueller Crest,AUSTINS FERRY,TAS,7011.0,606 Hannah Run,ARCTURUS,QLD,4722.0
calandra.sporer@gmail.com,Connor,Wilderman,482 Brown Court,ADELAIDE LEAD,VIC,3465.0,59 Cormier Terrace,AUSTINMER,NSW,2515.0
peggie.mertz@yahoo.com,Chelsea,Mann,3733 Gemma Lane,ARMSTRONG,VIC,3377.0,29 Isabelle Crescent,ANDREWS,SA,5454.0
evelynn@yahoo.com,Madison,Crooks,2671 Champlin Manor,ANDREWS FARM,SA,5114.0,16 Carter Crest,ASHBURY,NSW,2193.0
mariela@gmail.com,Benjamin,Nader,549 O'keefe Square,AMBY,QLD,4462.0,4118 Conroy Meadow,AGERY,SA,5558.0
gail_hoeger@gmail.com,Oscar,Bayer,6898 Schmidt Run,ARGYLE,VIC,3523.0,530 Gibson Mall,AUBIN GROVE,WA,6164.0
todd@hotmail.com,Imogen,Langworth,2171 Crooks Pass,ANNANDALE,NSW,2038.0,5980 Isabel Square,APPLEBY,NSW,2340.0
kelsie_hilpert@yahoo.com,Claudia,Bauch,129 Henry Station St,ADELAIDE,SA,5000.0,40 Ashton Terrace,ASHGROVE,QLD,4060.0
jee@hotmail.com,William,Davis,1340 Sam Crescent,ARCADIA SOUTH,VIC,3631.0,88 Botsford Grove,ADELAIDE PARK,QLD,4703.0
margorie.cummerata@yahoo.com,Jade,Jackson,6648 Piper Loop,ASHMORE,QLD,4214.0,66 Aaron Knoll,ABERDEEN,TAS,7310.0
margarito_lemke@yahoo.com,Riley,Mills,880 Patrick Run,ALICE,NSW,2469.0,79 Benjamin Circle,APSLEY,NSW,2820.0
melia_hayes@yahoo.com,Lillian,Paterson,1864 Smyth Court,AMERICAN RIVER,SA,5221.0,62 Anderson Parkway,ANULA,NT,812.0
ellsworth_carter@hotmail.com,Joel,Spencer,60 Fadel Ridge,ABBOTSFORD,NSW,2046.0,4857 Mann Place,ARANBANGA,QLD,4625.0
christoper@hotmail.com,Ali,Armstrong,667 Amelia Road,ALTONA NORTH,VIC,3025.0,2350 Mann Hill,ABELS BAY,TAS,7112.0
nida@hotmail.com,Jordan,O'reilly,41 Bauch Plaza,APPLE TREE CREEK,QLD,4660.0,18 Sanford Crest,ASHVILLE,SA,5259.0
eli_fritsch@hotmail.com,Kai,Heller,556 Michael Mall,ASHENDON,WA,6111.0,38 Zac Crest,ALFORD,SA,5555.0
tory@gmail.com,Connor,Murray,68 Luke Parkway,ATTUNGA,NSW,2345.0,8580 Mackenzie Street,ASHLEY,NSW,2400.0
mauro_willms@yahoo.com,Angus,Quigley,90 Mayer Mews,AUBIN GROVE,WA,6164.0,90 Ivy Circle,ASHFIELD,NSW,2131.0
gala.cummerata@gmail.com,Stella,Reid,8070 Eliza Meadow,ALFORDS POINT,NSW,2234.0,8467 Kuhn Terrace,ARGYLL,QLD,4721.0
carlton@yahoo.com,Jake,Kessler,4755 White Meadow,ARCOONA,SA,5720.0,21 Koelpin Parkway,ALDERSHOT,QLD,4650.0
milford@gmail.com,Samuel,Walter,989 Cartwright View Rd,ALBACUTYA,VIC,3424.0,296 Matilda Parkway,ADELAIDE PARK,QLD,4703.0
patrica_miller@hotmail.com,Max,Lowe,1674 Heller Track,ARDEER,VIC,3022.0,3962 Roberts Street,AVALON,VIC,3212.0
kay_mosciski@yahoo.com,Noah,Bartoletti,34 Greenfelder Trail,ALEXANDRA BRIDGE,WA,6288.0,626 James Avenue,ALAWOONA,SA,5311.0
latashia.farrell@yahoo.com,Hugo,Rice,196 O'conner Mall,ANAMBAH,NSW,2320.0,7745 Anna Track,ARROWSMITH EAST,WA,6519.0
barbie_lindgren@hotmail.com,Ryan,Morrison,4003 Archie Ridge,ARATULA,QLD,4309.0,572 Ryan Crest,ABBEYWOOD,QLD,4613.0
chas_dare@yahoo.com,Poppy,Adams,331 Madison Square,ABINGTON,QLD,4660.0,333 Bogan Crescent,ASCOT,VIC,3364.0
miles@hotmail.com,Lauren,Fahey,895 Anthony Crest,APPLETHORPE,QLD,4378.0,433 Lee Run,ARRAWARRA HEADLAND,NSW,2456.0
herbert@gmail.com,James,Anderson,400 Tremblay Loop,ARMSTRONG CREEK,QLD,4520.0,430 Jack Place,ANDO,NSW,2631.0
yvone.barrows@hotmail.com,Hunter,Mitchell,889 Chase Circuit,AVONMORE,VIC,3559.0,745 Rice Road,ARTHURS CREEK,VIC,3099.0
clemencia@yahoo.com,Joseph,Hall,964 Harber Island,ABBOTSFORD,NSW,2046.0,107 Justin Mall,ANGLEDOOL,NSW,2834.0
inocencia.bosco@yahoo.com,Eve,Morgan,80 Sophie Trail,ANNANDALE,NSW,2038.0,311 Lockman Drive,ABERDEEN,TAS,7310.0
shaunte@yahoo.com,Joel,Robinson,6283 Eve Hill,AUSTINVILLE,QLD,4213.0,9853 Murphy Road,ATWELL,WA,6164.0
oscar_schuster@gmail.com,Jade,Mclaughlin,39 Scarlett Loop,ALICE SPRINGS,NT,870.0,46 Angelina Estate Dr,ALISON,NSW,2259.0
rex.volkman@yahoo.com,Ali,Mitchell,525 Aiden Road,ARNOLD,VIC,3551.0,241 Aiden Estate Dr,ASHMORE,QLD,4214.0
stanton.ratke@yahoo.com,Isaac,Heaney,354 Hermann Court,ARGOON,QLD,4702.0,686 Beatty Estate Dr,ARDMONA,VIC,3629.0
odelia.walter@hotmail.com,Gemma,Larson,13 Lillian Avenue,ARCHIES CREEK,VIC,3995.0,655 Eli Mall,ADELONG,NSW,2729.0
evan_davis@gmail.com,Georgia,West,36 Eva Lane,ARTHUR RIVER,TAS,7330.0,717 Claudia Loop,ARUMPO,NSW,2715.0
grover@gmail.com,Alexander,Boyer,94 Glover Street,AROONA,QLD,4551.0,1288 Rowe Pass,AUGUSTINE HEIGHTS,QLD,4300.0
linda.ohara@gmail.com,Kiara,O'reilly,477 Quinn Island,AMAROO,ACT,2914.0,27 Little Crest,ANDROMACHE,QLD,4800.0
val_kutch@yahoo.com,Georgia,Parker,63 Kutch Meadow,ABERMAIN,NSW,2326.0,6307 Clarke Boulevard,ALTONA NORTH,VIC,3025.0
adan.walter@hotmail.com,Jordan,Carter,2084 Hermiston Ridge,ARCHERFIELD,QLD,4108.0,3585 Lynch Circle,ALICE RIVER,QLD,4817.0
dominque@hotmail.com,Xavier,Bauch,1954 Mayer Lane,ABBOTSHAM,TAS,7315.0,964 Hoppe Lane,AROONA,QLD,4551.0
rosendo_langworth@hotmail.com,Eva,Edwards,313 Aaron Hill,ARTHURS LAKE,TAS,7030.0,9145 Olson Summit,ABELS BAY,TAS,7112.0
harvey_prosacco@hotmail.com,Leah,Collins,5924 Tyler Lane,ARANBANGA,QLD,4625.0,1397 Christopher Station St,ABBA RIVER,WA,6280.0
darell@hotmail.com,Lincoln,Koch,7840 Beier Court,ARNO BAY,SA,5603.0,41 Paige Way,ANGURUGU,NT,822.0
cortez.gutkowski@yahoo.com,Victoria,Morgan,7204 Christian Meadow,ALFREDTOWN,NSW,2650.0,172 Wilderman Ridge,ALLAWAH,NSW,2218.0
yolando@hotmail.com,Olivia,Evans,5772 Muller Meadow,ALMA PARK,NSW,2659.0,440 Oscar Court,ARMATREE,NSW,2828.0
ron@hotmail.com,Eli,Donnelly,3334 Lynch Ridge,ARANBANGA,QLD,4625.0,9961 Kayla Run,ARBUCKLE,VIC,3858.0
christin_schultz@gmail.com,Lucy,Jacobson,651 Andrew Hill,ADELAIDE RIVER,NT,846.0,873 Champlin Road,ASHENDON,WA,6111.0
chadwick@hotmail.com,Savannah,Koelpin,27 Justin Run,ALPHINGTON,VIC,3078.0,402 Alexander Parkway,ARDING,NSW,2358.0
sandy@hotmail.com,Holly,Stark,2927 Eli Drive,AMAROO,ACT,2914.0,25 Mitchell Ridge,ADARE,QLD,4343.0
jonathon@yahoo.com,Rose,Kulas,929 Violet Way,APAMURRA,SA,5237.0,4353 Barton Street,APPIN SOUTH,VIC,3579.0
tiffani_lang@yahoo.com,Maya,Braun,30 Ross Trail,AIRLIE BEACH,QLD,4802.0,60 Hayley Track,APOINGA,SA,5413.0
corinna@yahoo.com,Caleb,Waters,22 Martin Lane,ASHCROFT,NSW,2168.0,681 Charlie Circle,ARANBANGA,QLD,4625.0
frank@gmail.com,Lara,Griffiths,264 Layla Station St,ALDERSYDE,WA,6306.0,87 Audrey Square,ABERDEEN,NSW,2336.0
emil.abernathy@hotmail.com,Mikayla,Kirlin,8080 Grace Ridge,ALLENDALE NORTH,SA,5373.0,778 Bailey Place,ALBERT PARK,SA,5014.0
kum_mccullough@hotmail.com,Olivia,Hills,50 Matthew Track,ALBION PARK,NSW,2527.0,85 Wilkinson Terrace,APPIN SOUTH,VIC,3579.0
belia.murray@hotmail.com,Maya,Russel,11 Tahlia Way,ARCHDALE,VIC,3475.0,67 Hudson Grove,ALLIGATOR CREEK,QLD,4816.0
lauryn@gmail.com,Jake,Griffiths,773 Ebert Loop,DECLANPORT,NSW,1233.0,368 Sam View Rd,LAKE ABBEYMOUTH,SA,9165.0
ronnie_schaefer@hotmail.com,Benjamin,Kuhn,4152 Isaac Island,AUSTINS FERRY,TAS,7011.0,530 Gleason Boulevard,ARCADIA,QLD,4819.0
venice@hotmail.com,Amelie,Becker,4546 Bailey Avenue,ACACIA HILLS,TAS,7306.0,4050 Bella Drive,ACTON PARK,TAS,7170.0
roslyn.durgan@yahoo.com,Ruby,Larkin,2977 Jonathan Boulevard,ARDLETHAN,NSW,2665.0,9427 Smyth Parade,AMELUP,WA,6338.0
